{"cameraMode":{"drawMode":0,"name":"Shaded","section":"Shading Mode"},"sceneLighting":true,"audioPlay":false,"sceneViewState":{"showFog":true,"showMaterialUpdate":false,"showSkybox":true,"showFlares":true,"showImageEffects":true,"showParticleSystems":true},"in2DMode":false,"pivot":{"x":-26.30928611755371,"y":4.130823612213135,"z":-1.4656866788864136},"rotation":{"x":-0.1178010031580925,"y":0.11027475446462631,"z":-0.013184173963963986,"w":-0.9868438839912415},"size":-1.1877388954162598,"orthographic":false}